<?xml version="1.0" encoding="UTF-8"?>
<requirements>
	<requirement>
		<docid><![CDATA[R1]]></docid>
		<title><![CDATA[SelecciónEncuesta]]></title>
		<version>1</version>
		<revision>2</revision>
		<node_order>1</node_order>
		<description><![CDATA[<p>Se desea realizar la votaci&oacute;n de una determinada encuesta activa. Adem&aacute;s de seleccionar la encuesta y la votaci&oacute;n que queremos realizar, se podr&aacute; introducir un comentario de forma opcional.</p>]]></description>
		<status><![CDATA[I]]></status>
		<type><![CDATA[4]]></type>
		<expected_coverage><![CDATA[1]]></expected_coverage>
		
	</requirement>
	<requirement>
		<docid><![CDATA[R2]]></docid>
		<title><![CDATA[CrearEncuesta]]></title>
		<version>1</version>
		<revision>2</revision>
		<node_order>2</node_order>
		<description><![CDATA[<p>Se desea crear una encuesta, dicho requisito solo se cumple si eres un administrador. Para ello, tenemos que introducir el nombre de la encuesta y su descripci&oacute;n.</p>]]></description>
		<status><![CDATA[I]]></status>
		<type><![CDATA[2]]></type>
		<expected_coverage><![CDATA[1]]></expected_coverage>
		
	</requirement>
	<requirement>
		<docid><![CDATA[R3]]></docid>
		<title><![CDATA[ActivarDesactivarEncuesta]]></title>
		<version>1</version>
		<revision>2</revision>
		<node_order>3</node_order>
		<description><![CDATA[<p>Se desea activar o desactivar una encuesta, dicho requisito solo se cumple si eres un&nbsp;administrador Para ello, tendr&aacute;s que seleccionar la encuesta que quieres activar o desactivar.</p>]]></description>
		<status><![CDATA[I]]></status>
		<type><![CDATA[2]]></type>
		<expected_coverage><![CDATA[1]]></expected_coverage>
		
	</requirement>
	<requirement>
		<docid><![CDATA[R4]]></docid>
		<title><![CDATA[EliminarEncuesta]]></title>
		<version>1</version>
		<revision>2</revision>
		<node_order>4</node_order>
		<description><![CDATA[<p>Se desea eliminar una encuesta, dicho requisito solo se cumple si eres un administrador. Para ello, se elige la encuesta que quieres eliminar.</p>]]></description>
		<status><![CDATA[I]]></status>
		<type><![CDATA[2]]></type>
		<expected_coverage><![CDATA[1]]></expected_coverage>
		
	</requirement>
	<requirement>
		<docid><![CDATA[R5]]></docid>
		<title><![CDATA[ModificarEncuesta]]></title>
		<version>1</version>
		<revision>2</revision>
		<node_order>5</node_order>
		<description><![CDATA[<p>Se desea modificar una encuesta, dicho requisito solo se cumple si eres un administrador. Para ello, seleccionar&aacute; la encuesta que desea y podr&aacute; cambiar la descripci&oacute;n de dicha encuesta.</p>]]></description>
		<status><![CDATA[I]]></status>
		<type><![CDATA[2]]></type>
		<expected_coverage><![CDATA[1]]></expected_coverage>
		
	</requirement>
	<requirement>
		<docid><![CDATA[R6]]></docid>
		<title><![CDATA[SugerirEncuesta]]></title>
		<version>1</version>
		<revision>2</revision>
		<node_order>6</node_order>
		<description><![CDATA[<p>Se desea sugerir encuesta. Para ello, introducir&aacute; en la ventana correspondiente el nombre y la descripci&oacute;n de la encuesta.</p>]]></description>
		<status><![CDATA[I]]></status>
		<type><![CDATA[2]]></type>
		<expected_coverage><![CDATA[1]]></expected_coverage>
		
	</requirement>
</requirements>
