<?xml version="1.0" encoding="UTF-8"?>
<requirements>
	<requirement>
		<docid><![CDATA[R7]]></docid>
		<title><![CDATA[IniciarSesión]]></title>
		<version>1</version>
		<revision>2</revision>
		<node_order>1</node_order>
		<description><![CDATA[<p>Se desea iniciar sesi&oacute;n en la aplicaci&oacute;n, para ello lo que hacemos es entrar en la aplicaci&oacute;n y pulsar el bot&oacute;n de iniciar sesi&oacute;n.</p>]]></description>
		<status><![CDATA[I]]></status>
		<type><![CDATA[7]]></type>
		<expected_coverage><![CDATA[1]]></expected_coverage>
		
	</requirement>
	<requirement>
		<docid><![CDATA[R8]]></docid>
		<title><![CDATA[ComprobarRegistro]]></title>
		<version>1</version>
		<revision>2</revision>
		<node_order>2</node_order>
		<description><![CDATA[<p>Se desea comprobar que un usuario que no est&aacute; loggeado, no pueda acceder al panel de administraci&oacute;n de la aplicaci&oacute;n.</p>]]></description>
		<status><![CDATA[I]]></status>
		<type><![CDATA[7]]></type>
		<expected_coverage><![CDATA[1]]></expected_coverage>
		
	</requirement>
</requirements>
