<?xml version="1.0" encoding="UTF-8"?>
<testcases>
<testcase internalid="61" name="Caso 1 - Seleccionar Encuesta">
	<node_order><![CDATA[1000]]></node_order>
	<externalid><![CDATA[1]]></externalid>
	<version><![CDATA[1]]></version>
	<summary><![CDATA[<p>Como usuario se quiere probar que se puede seleccionar una encuesta de la lista de encuestas activas y puntuarla, tanto de forma correcta como incorrecta.</p>

<p>Para ello:</p>

<p>- Debemos entrar como usuarios en la aplicaci&oacute;n.</p>

<p>- Debemos seleccionar una encuesta de la lista de activas escribiendo su nombre.</p>

<p>- Debemos puntuar una encuesta.</p>

<p>- Podemos poner de forma opcional un comentario.</p>

<p>- Pulsar en el bot&oacute;n &quot;Enviar&quot;.</p>

<p>Cualquier cosa que no siga con los pasos anteriores debe mostrar un mensaje de error.</p>
]]></summary>
	<preconditions><![CDATA[<p>Necesitamos haber entrado en la aplicaci&oacute;n.</p>
]]></preconditions>
	<execution_type><![CDATA[1]]></execution_type>
	<importance><![CDATA[3]]></importance>
	<estimated_exec_duration>2.00</estimated_exec_duration>
	<status>2</status>
	<is_open>1</is_open>
	<active>1</active>
<steps>
<step>
	<step_number><![CDATA[1]]></step_number>
	<actions><![CDATA[<p>Escribir el nombre de la encuesta deseada.</p>
]]></actions>
	<expectedresults><![CDATA[<p>Se espera que en la caja de texto de la descripci&oacute;n aparezca la descripci&oacute;n de la encuesta seleccionada.</p>
]]></expectedresults>
	<execution_type><![CDATA[1]]></execution_type>
</step>

<step>
	<step_number><![CDATA[2]]></step_number>
	<actions><![CDATA[<p>Puntuar la encuesta que hemos selecionado haciendo click en una de las posibles caras que aparecen en la aplicaci&oacute;n.</p>
]]></actions>
	<expectedresults><![CDATA[<p>Se espera que no muestre ning&uacute;n mensaje de error.</p>
]]></expectedresults>
	<execution_type><![CDATA[1]]></execution_type>
</step>

<step>
	<step_number><![CDATA[3]]></step_number>
	<actions><![CDATA[<p>De forma opcional se puede escribir un comentario.</p>
]]></actions>
	<expectedresults><![CDATA[<p>Se espera que en el cuadro de texto de dicho comentario est&eacute; el comentario escrito por el usuario.</p>
]]></expectedresults>
	<execution_type><![CDATA[1]]></execution_type>
</step>

<step>
	<step_number><![CDATA[4]]></step_number>
	<actions><![CDATA[<p>Pulsar en el bot&oacute;n enviar.</p>
]]></actions>
	<expectedresults><![CDATA[<p>Si no se ha cometido ninguna irregularidad, se espera que no muestre ning&uacute;n mensaje de error.</p>

<p>En caso de cometer alguna mostrar&aacute; dicho mensaje de error.</p>
]]></expectedresults>
	<execution_type><![CDATA[1]]></execution_type>
</step>
</steps>
</testcase>

<testcase internalid="67" name="Caso 2 - Crear Encuesta">
	<node_order><![CDATA[1001]]></node_order>
	<externalid><![CDATA[2]]></externalid>
	<version><![CDATA[1]]></version>
	<summary><![CDATA[<p>Como administrador se quiere probar que podemos realizar la creaci&oacute;n de una encuesta.</p>

<p>Para ello:</p>

<p>- Debemos entrar como usuarios en la aplicaci&oacute;n.</p>

<p>- Debemos iniciar sesi&oacute;n en la aplicaci&oacute;n con nuestro usuario y contrase&ntilde;a.</p>

<p>- En el panel de adiministraci&oacute;n seleccionar &quot;A&ntilde;adir Encuesta&quot;.</p>

<p>- Debemos poner el nombre de la encuesta y su descripci&oacute;n.</p>

<p>- Pulsar en el bot&oacute;n &quot;A&ntilde;adir&quot;.</p>

<p>Cualquier cosa que no siga con los pasos anteriores debe mostrar un mensaje de error.</p>
]]></summary>
	<preconditions><![CDATA[<p>Entrar en la aplicaci&oacute;n.</p>

<p>Iniciar sesi&oacute;n.</p>

<p>Entrar en el apartado &quot;A&ntilde;adir Encuesta&quot; del panel de administraci&oacute;n.</p>
]]></preconditions>
	<execution_type><![CDATA[1]]></execution_type>
	<importance><![CDATA[2]]></importance>
	<estimated_exec_duration>2.00</estimated_exec_duration>
	<status>2</status>
	<is_open>1</is_open>
	<active>1</active>
<steps>
<step>
	<step_number><![CDATA[1]]></step_number>
	<actions><![CDATA[<p>Escribir el nombre de la encuesta que vamos a a&ntilde;adir.</p>
]]></actions>
	<expectedresults><![CDATA[<p>Se espera que en su debido cuadro de texto aparezca el nombre que hemos escrito.</p>
]]></expectedresults>
	<execution_type><![CDATA[1]]></execution_type>
</step>

<step>
	<step_number><![CDATA[2]]></step_number>
	<actions><![CDATA[<p>Escribir la descripci&oacute;n de la encuestas que vamos a a&ntilde;adir.</p>
]]></actions>
	<expectedresults><![CDATA[<p>Se espera que en su debido cuadro de texto aparezca la descripci&oacute;n que hemos escrito.</p>
]]></expectedresults>
	<execution_type><![CDATA[1]]></execution_type>
</step>

<step>
	<step_number><![CDATA[3]]></step_number>
	<actions><![CDATA[<p>Dar al bot&oacute;n &quot;A&ntilde;adir&quot;.</p>
]]></actions>
	<expectedresults><![CDATA[<p>Si se ha realizado todo de manera correcta, se espera que no de ning&uacute;n mensaje de error.</p>

<p>De haber habido alg&uacute;n error, se espera que salte un mensaje de error.</p>
]]></expectedresults>
	<execution_type><![CDATA[1]]></execution_type>
</step>
</steps>
</testcase>

<testcase internalid="72" name="Caso 3 - Modificar Encuesta">
	<node_order><![CDATA[1002]]></node_order>
	<externalid><![CDATA[3]]></externalid>
	<version><![CDATA[1]]></version>
	<summary><![CDATA[<p>Como administrador se quiere probar que podemos realizar la modificaci&oacute;n&nbsp;de una encuesta.</p>

<p>Para ello:</p>

<p>- Debemos entrar como usuarios en la aplicaci&oacute;n.</p>

<p>- Debemos iniciar sesi&oacute;n en la aplicaci&oacute;n con nuestro usuario y contrase&ntilde;a.</p>

<p>- En el panel de adiministraci&oacute;n seleccionar &quot;Modificar&nbsp;Encuesta&quot;.</p>

<p>- Debemos poner el nombre de la encuesta para seleccionarla.</p>

<p>- A continuaci&oacute;n ponemos la nueva descripci&oacute;n que vamos a modificar.</p>

<p>- Pulsar en el bot&oacute;n &quot;Modificar&quot;????.</p>

<p>Cualquier cosa que no siga con los pasos anteriores debe mostrar un mensaje de error.</p>
]]></summary>
	<preconditions><![CDATA[<p>Entrar en la aplicaci&oacute;n.</p>

<p>Iniciar sesi&oacute;n.</p>

<p>Entrar en el apartado &quot;Modificar&nbsp;Encuesta&quot; del panel de administraci&oacute;n.</p>
]]></preconditions>
	<execution_type><![CDATA[1]]></execution_type>
	<importance><![CDATA[2]]></importance>
	<estimated_exec_duration>2.00</estimated_exec_duration>
	<status>2</status>
	<is_open>1</is_open>
	<active>1</active>
<steps>
<step>
	<step_number><![CDATA[1]]></step_number>
	<actions><![CDATA[<p>Escribir el nombre de la encuesta que vamos a seleccionar.</p>
]]></actions>
	<expectedresults><![CDATA[<p>Se espera que en el cuadro de texto aparezca lo que hemos escrito.</p>
]]></expectedresults>
	<execution_type><![CDATA[1]]></execution_type>
</step>

<step>
	<step_number><![CDATA[2]]></step_number>
	<actions><![CDATA[<p>Cambiar la descripci&oacute;n escribiendo una nueva.</p>
]]></actions>
	<expectedresults><![CDATA[<p>Se espera que en el cuadro de texto aparezca la descripci&oacute;n que hemos escrito.</p>
]]></expectedresults>
	<execution_type><![CDATA[1]]></execution_type>
</step>

<step>
	<step_number><![CDATA[3]]></step_number>
	<actions><![CDATA[<p>Pulsar el bot&oacute;n de modificar.</p>
]]></actions>
	<expectedresults><![CDATA[<p>Se espera que si todo ha sido escrito de forma correcta no aparezca ning&uacute;n mensaje de error.</p>

<p>En caso de que de alg&uacute;n campo se halla rellenado de forma incorrecta se espera que haya un mensaje de error.</p>
]]></expectedresults>
	<execution_type><![CDATA[1]]></execution_type>
</step>
</steps>
</testcase>

<testcase internalid="77" name="Caso 4 - Borrar Encuesta">
	<node_order><![CDATA[1003]]></node_order>
	<externalid><![CDATA[4]]></externalid>
	<version><![CDATA[1]]></version>
	<summary><![CDATA[<p>Como administrador se quiere probar que podemos realizar el borrado&nbsp;de una encuesta.</p>

<p>Para ello:</p>

<p>- Debemos entrar como usuarios en la aplicaci&oacute;n.</p>

<p>- Debemos iniciar sesi&oacute;n en la aplicaci&oacute;n con nuestro usuario y contrase&ntilde;a.</p>

<p>- En el panel de adiministraci&oacute;n seleccionar &quot;Borrar&nbsp;Encuesta&quot;.</p>

<p>- Debemos poner el nombre de la encuesta.</p>

<p>- Pulsar en el bot&oacute;n &quot;Borrar&quot;.</p>

<p>Cualquier cosa que no siga con los pasos anteriores debe mostrar un mensaje de error.</p>
]]></summary>
	<preconditions><![CDATA[<p>Entrar en la aplicaci&oacute;n.</p>

<p>Iniciar sesi&oacute;n.</p>

<p>Entrar en el apartado &quot;Borrar Encuesta&quot; del panel de administraci&oacute;n.</p>
]]></preconditions>
	<execution_type><![CDATA[1]]></execution_type>
	<importance><![CDATA[2]]></importance>
	<estimated_exec_duration>2.00</estimated_exec_duration>
	<status>2</status>
	<is_open>1</is_open>
	<active>1</active>
<steps>
<step>
	<step_number><![CDATA[1]]></step_number>
	<actions><![CDATA[<p>Escribir el nombre de la encuesta que deseamos borrar.</p>
]]></actions>
	<expectedresults><![CDATA[<p>Se espera que en el cuadro de texto aparezca lo que hemos escrito.</p>
]]></expectedresults>
	<execution_type><![CDATA[1]]></execution_type>
</step>

<step>
	<step_number><![CDATA[2]]></step_number>
	<actions><![CDATA[<p>Pulsar en el bot&oacute;n &quot;Borrar&quot;.</p>
]]></actions>
	<expectedresults><![CDATA[<p>Se espera que si todo ha sido rellenado correctamente se borre la encuesta sin aparecer ning&uacute;n mensaje de error.</p>

<p>En caso de alg&uacute;n fallo, se espera que la aplicaci&oacute;n lance un mensaje de error.</p>
]]></expectedresults>
	<execution_type><![CDATA[1]]></execution_type>
</step>
</steps>
</testcase>

<testcase internalid="81" name="Caso 5 - Activar/Desactivar Encuesta">
	<node_order><![CDATA[1004]]></node_order>
	<externalid><![CDATA[5]]></externalid>
	<version><![CDATA[1]]></version>
	<summary><![CDATA[<p>Como administrador se quiere probar que podemos realizar la activaci&oacute;n o desactivaci&oacute;n&nbsp;de una encuesta.</p>

<p>Para ello:</p>

<p>- Debemos entrar como usuarios en la aplicaci&oacute;n.</p>

<p>- Debemos iniciar sesi&oacute;n en la aplicaci&oacute;n con nuestro usuario y contrase&ntilde;a.</p>

<p>- En el panel de adiministraci&oacute;n seleccionar &quot;Activar/Desactivar&nbsp;Encuesta&quot;.</p>

<p>- Debemos poner el nombre de la encuesta para seleccionarla.</p>

<p>- Pulsar en el bot&oacute;n &quot;Activar/Desactivar&quot;????.</p>

<p>Cualquier cosa que no siga con los pasos anteriores debe mostrar un mensaje de error.</p>
]]></summary>
	<preconditions><![CDATA[<p>Entrar en la aplicaci&oacute;n.</p>

<p>Iniciar sesi&oacute;n.</p>

<p>Entrar en el apartado &quot;Activar/Desactivar&nbsp;Encuesta&quot; del panel de administraci&oacute;n.</p>
]]></preconditions>
	<execution_type><![CDATA[1]]></execution_type>
	<importance><![CDATA[2]]></importance>
	<estimated_exec_duration>2.00</estimated_exec_duration>
	<status>2</status>
	<is_open>1</is_open>
	<active>1</active>
<steps>
<step>
	<step_number><![CDATA[1]]></step_number>
	<actions><![CDATA[<p>Escribir el nombre de la encuesta que deseamos seleccionar.</p>
]]></actions>
	<expectedresults><![CDATA[<p>Se espera que en el cuadro de texto aparezca lo que hemos escrito.</p>
]]></expectedresults>
	<execution_type><![CDATA[1]]></execution_type>
</step>

<step>
	<step_number><![CDATA[2]]></step_number>
	<actions><![CDATA[<p>Pulsamos el bot&oacute;n &quot;Activar/Desactivar&quot;.</p>
]]></actions>
	<expectedresults><![CDATA[<p>Se espera que si no da ning&uacute;n error se active o desactive la encuesta seleccionada.</p>

<p>Si algo se rellena de forma incorrecta se espera que lance un mensaje de error.</p>
]]></expectedresults>
	<execution_type><![CDATA[1]]></execution_type>
</step>
</steps>
</testcase>

<testcase internalid="85" name="Caso 6 - Sugerir Encuesta">
	<node_order><![CDATA[1005]]></node_order>
	<externalid><![CDATA[6]]></externalid>
	<version><![CDATA[1]]></version>
	<summary><![CDATA[<p>Como usuario&nbsp;se quiere probar que podemos realizar la sugerencia&nbsp;de una encuesta.</p>

<p>Para ello:</p>

<p>- Debemos entrar como usuarios en la aplicaci&oacute;n.</p>

<p>- Debemos seleccionar el icono &quot;+&quot; de la pantalla.</p>

<p>- Debemos escribir el t&iacute;tulo y la descripci&oacute;n de la encuesta que vamos a sugerir.</p>

<p>- Debemos pulsar el bot&oacute;n de sugerir.</p>

<p>Cualquier cosa que no siga con los pasos anteriores debe mostrar un mensaje de error.</p>
]]></summary>
	<preconditions><![CDATA[<p>Como precondici&oacute;n tenemos que entrar en la aplicaci&oacute;n.</p>
]]></preconditions>
	<execution_type><![CDATA[1]]></execution_type>
	<importance><![CDATA[1]]></importance>
	<estimated_exec_duration>3.00</estimated_exec_duration>
	<status>2</status>
	<is_open>1</is_open>
	<active>1</active>
<steps>
<step>
	<step_number><![CDATA[1]]></step_number>
	<actions><![CDATA[<p>Pulsar en el icono &quot;+&quot; de la pantalla inicial.</p>
]]></actions>
	<expectedresults><![CDATA[<p>Se espera que al pulsar en ese bot&oacute;n nos redirija a la pantalla de sugerir encuesta.</p>
]]></expectedresults>
	<execution_type><![CDATA[1]]></execution_type>
</step>

<step>
	<step_number><![CDATA[2]]></step_number>
	<actions><![CDATA[<p>Rellenar con el t&iacute;tulo que queremos dar a la encuesta.</p>
]]></actions>
	<expectedresults><![CDATA[<p>Se espera que en el cuadro de texto aparezca lo que hemos escrito.</p>
]]></expectedresults>
	<execution_type><![CDATA[1]]></execution_type>
</step>

<step>
	<step_number><![CDATA[3]]></step_number>
	<actions><![CDATA[<p>Rellenar con la descripci&oacute;n que queramos el siguiente cuadro de texto.</p>
]]></actions>
	<expectedresults><![CDATA[<p>Se espera que aparezca lo escrito en dicho cuadro de texto.</p>
]]></expectedresults>
	<execution_type><![CDATA[1]]></execution_type>
</step>

<step>
	<step_number><![CDATA[4]]></step_number>
	<actions><![CDATA[<p>Pulsar en el bot&oacute;n sugerir encuesta.</p>
]]></actions>
	<expectedresults><![CDATA[<p>Se espera que si todo se ha rellenado correctamente se sugiera dicha encuesta.</p>

<p>Se espera por otro lado que si alg&uacute;n campo se ha rellenado de forma incorrecta se lance un mensaje de error.</p>
]]></expectedresults>
	<execution_type><![CDATA[1]]></execution_type>
</step>
</steps>
</testcase>

<testcase internalid="108" name="Caso 7 - Iniciar Sesión">
	<node_order><![CDATA[1006]]></node_order>
	<externalid><![CDATA[7]]></externalid>
	<version><![CDATA[1]]></version>
	<summary><![CDATA[<p>Como administrador quiero probar el inicio de sesi&oacute;n para el panel de control de mi aplicaci&oacute;n.</p>
]]></summary>
	<preconditions><![CDATA[<p>Abrir la aplicaci&oacute;n.</p>

<p>Pulsar el bot&oacute;n &quot;Iniciar Sesi&oacute;n&quot;.</p>
]]></preconditions>
	<execution_type><![CDATA[1]]></execution_type>
	<importance><![CDATA[3]]></importance>
	<estimated_exec_duration>2.00</estimated_exec_duration>
	<status>2</status>
	<is_open>1</is_open>
	<active>1</active>
<steps>
<step>
	<step_number><![CDATA[1]]></step_number>
	<actions><![CDATA[<p>Poner un usuario y contrase&ntilde;a correctos.</p>
]]></actions>
	<expectedresults><![CDATA[<p>Se espera que nos deje acceder al panel de administrador.</p>
]]></expectedresults>
	<execution_type><![CDATA[1]]></execution_type>
</step>

<step>
	<step_number><![CDATA[2]]></step_number>
	<actions><![CDATA[<p>Poner un usuario correcto y contrase&ntilde;a incorrecta.</p>
]]></actions>
	<expectedresults><![CDATA[<p>Se espera que no nos deje acceder y de un mensaje de error.</p>
]]></expectedresults>
	<execution_type><![CDATA[1]]></execution_type>
</step>

<step>
	<step_number><![CDATA[3]]></step_number>
	<actions><![CDATA[<p>Poner un usuario incorrecto y una contrase&ntilde;a correcta.</p>
]]></actions>
	<expectedresults><![CDATA[<p>Se espera que no nos deje acceder y de un mensaje de error.</p>
]]></expectedresults>
	<execution_type><![CDATA[1]]></execution_type>
</step>
</steps>
</testcase>

<testcase internalid="113" name="Caso 8 - ComprobarRegistro">
	<node_order><![CDATA[1007]]></node_order>
	<externalid><![CDATA[8]]></externalid>
	<version><![CDATA[1]]></version>
	<summary><![CDATA[<p>Se desea comprobar si estas logueado pudiendo acceder al panel de administrador.</p>
]]></summary>
	<preconditions><![CDATA[<p>Abrir la aplicaci&oacute;n.</p>

<p>Iniciar Sesi&oacute;n.</p>
]]></preconditions>
	<execution_type><![CDATA[1]]></execution_type>
	<importance><![CDATA[3]]></importance>
	<estimated_exec_duration>3.00</estimated_exec_duration>
	<status>2</status>
	<is_open>1</is_open>
	<active>1</active>
<steps>
<step>
	<step_number><![CDATA[1]]></step_number>
	<actions><![CDATA[<p>Intentar acceder a cualquier opci&oacute;n del panel de administrador estando logueado en la aplicaci&oacute;n.</p>
]]></actions>
	<expectedresults><![CDATA[<p>Se espera que podamos acceder perfectamente a cualquier opci&oacute;n de dicho panel.</p>
]]></expectedresults>
	<execution_type><![CDATA[1]]></execution_type>
</step>

<step>
	<step_number><![CDATA[2]]></step_number>
	<actions><![CDATA[<p>Intentar acceder a cualquier opci&oacute;n del panel de administrador sin estar logueado en la aplicaci&oacute;n.</p>
]]></actions>
	<expectedresults><![CDATA[<p>Se espera que no nos deje acceder a dicha opci&oacute;n y nos redirija a la pantalla de inicio de sesi&oacute;n.</p>
]]></expectedresults>
	<execution_type><![CDATA[1]]></execution_type>
</step>
</steps>
</testcase>
</testcases>