<?xml version="1.0" encoding="UTF-8"?>

<testcases>
<testcase internalid="72" name="Caso 3 - Modificar Encuesta">
	<node_order><![CDATA[1002]]></node_order>
	<externalid><![CDATA[3]]></externalid>
	<version><![CDATA[1]]></version>
	<summary><![CDATA[<p>Como administrador se quiere probar que podemos realizar la modificaci&oacute;n&nbsp;de una encuesta.</p>

<p>Para ello:</p>

<p>- Debemos entrar como usuarios en la aplicaci&oacute;n.</p>

<p>- Debemos iniciar sesi&oacute;n en la aplicaci&oacute;n con nuestro usuario y contrase&ntilde;a.</p>

<p>- En el panel de adiministraci&oacute;n seleccionar &quot;Modificar&nbsp;Encuesta&quot;.</p>

<p>- Debemos poner el nombre de la encuesta para seleccionarla.</p>

<p>- A continuaci&oacute;n ponemos la nueva descripci&oacute;n que vamos a modificar.</p>

<p>- Pulsar en el bot&oacute;n &quot;Modificar&quot;????.</p>

<p>Cualquier cosa que no siga con los pasos anteriores debe mostrar un mensaje de error.</p>
]]></summary>
	<preconditions><![CDATA[<p>Entrar en la aplicaci&oacute;n.</p>

<p>Iniciar sesi&oacute;n.</p>

<p>Entrar en el apartado &quot;Modificar&nbsp;Encuesta&quot; del panel de administraci&oacute;n.</p>
]]></preconditions>
	<execution_type><![CDATA[1]]></execution_type>
	<importance><![CDATA[2]]></importance>
	<estimated_exec_duration>2.00</estimated_exec_duration>
	<status>2</status>
	<is_open>1</is_open>
	<active>1</active>
<steps>
<step>
	<step_number><![CDATA[1]]></step_number>
	<actions><![CDATA[<p>Escribir el nombre de la encuesta que vamos a seleccionar.</p>
]]></actions>
	<expectedresults><![CDATA[<p>Se espera que en el cuadro de texto aparezca lo que hemos escrito.</p>
]]></expectedresults>
	<execution_type><![CDATA[1]]></execution_type>
</step>

<step>
	<step_number><![CDATA[2]]></step_number>
	<actions><![CDATA[<p>Cambiar la descripci&oacute;n escribiendo una nueva.</p>
]]></actions>
	<expectedresults><![CDATA[<p>Se espera que en el cuadro de texto aparezca la descripci&oacute;n que hemos escrito.</p>
]]></expectedresults>
	<execution_type><![CDATA[1]]></execution_type>
</step>

<step>
	<step_number><![CDATA[3]]></step_number>
	<actions><![CDATA[<p>Pulsar el bot&oacute;n de modificar.</p>
]]></actions>
	<expectedresults><![CDATA[<p>Se espera que si todo ha sido escrito de forma correcta no aparezca ning&uacute;n mensaje de error.</p>

<p>En caso de que de alg&uacute;n campo se halla rellenado de forma incorrecta se espera que haya un mensaje de error.</p>
]]></expectedresults>
	<execution_type><![CDATA[1]]></execution_type>
</step>
</steps>
	<requirements>
		<requirement>
			<req_spec_title><![CDATA[Requisitos Practica 1]]></req_spec_title>
			<doc_id><![CDATA[R5]]></doc_id>
			<version><![CDATA[1]]></version>
			<title><![CDATA[ModificarEncuesta]]></title>
		</requirement>
		<requirement>
			<req_spec_title><![CDATA[Requisitos del Sistema]]></req_spec_title>
			<doc_id><![CDATA[R7]]></doc_id>
			<version><![CDATA[1]]></version>
			<title><![CDATA[IniciarSesión]]></title>
		</requirement>
		<requirement>
			<req_spec_title><![CDATA[Requisitos del Sistema]]></req_spec_title>
			<doc_id><![CDATA[R8]]></doc_id>
			<version><![CDATA[1]]></version>
			<title><![CDATA[ComprobarRegistro]]></title>
		</requirement>
	</requirements>
</testcase>
</testcases>