<?xml version="1.0" encoding="UTF-8"?>

<testcases>
<testcase internalid="113" name="Caso 8 - ComprobarRegistro">
	<node_order><![CDATA[1007]]></node_order>
	<externalid><![CDATA[8]]></externalid>
	<version><![CDATA[1]]></version>
	<summary><![CDATA[<p>Se desea comprobar si estas logueado pudiendo acceder al panel de administrador.</p>
]]></summary>
	<preconditions><![CDATA[<p>Abrir la aplicaci&oacute;n.</p>

<p>Iniciar Sesi&oacute;n.</p>
]]></preconditions>
	<execution_type><![CDATA[1]]></execution_type>
	<importance><![CDATA[3]]></importance>
	<estimated_exec_duration>3.00</estimated_exec_duration>
	<status>2</status>
	<is_open>1</is_open>
	<active>1</active>
<steps>
<step>
	<step_number><![CDATA[1]]></step_number>
	<actions><![CDATA[<p>Intentar acceder a cualquier opci&oacute;n del panel de administrador estando logueado en la aplicaci&oacute;n.</p>
]]></actions>
	<expectedresults><![CDATA[<p>Se espera que podamos acceder perfectamente a cualquier opci&oacute;n de dicho panel.</p>
]]></expectedresults>
	<execution_type><![CDATA[1]]></execution_type>
</step>

<step>
	<step_number><![CDATA[2]]></step_number>
	<actions><![CDATA[<p>Intentar acceder a cualquier opci&oacute;n del panel de administrador sin estar logueado en la aplicaci&oacute;n.</p>
]]></actions>
	<expectedresults><![CDATA[<p>Se espera que no nos deje acceder a dicha opci&oacute;n y nos redirija a la pantalla de inicio de sesi&oacute;n.</p>
]]></expectedresults>
	<execution_type><![CDATA[1]]></execution_type>
</step>
</steps>
	<requirements>
		<requirement>
			<req_spec_title><![CDATA[Requisitos del Sistema]]></req_spec_title>
			<doc_id><![CDATA[R8]]></doc_id>
			<version><![CDATA[1]]></version>
			<title><![CDATA[ComprobarRegistro]]></title>
		</requirement>
	</requirements>
</testcase>
</testcases>