<?xml version="1.0" encoding="UTF-8"?>

<testcases>
<testcase internalid="61" name="Caso 1 - Seleccionar Encuesta">
	<node_order><![CDATA[1000]]></node_order>
	<externalid><![CDATA[1]]></externalid>
	<version><![CDATA[1]]></version>
	<summary><![CDATA[<p>Como usuario se quiere probar que se puede seleccionar una encuesta de la lista de encuestas activas y puntuarla, tanto de forma correcta como incorrecta.</p>

<p>Para ello:</p>

<p>- Debemos entrar como usuarios en la aplicaci&oacute;n.</p>

<p>- Debemos seleccionar una encuesta de la lista de activas escribiendo su nombre.</p>

<p>- Debemos puntuar una encuesta.</p>

<p>- Podemos poner de forma opcional un comentario.</p>

<p>- Pulsar en el bot&oacute;n &quot;Enviar&quot;.</p>

<p>Cualquier cosa que no siga con los pasos anteriores debe mostrar un mensaje de error.</p>
]]></summary>
	<preconditions><![CDATA[<p>Necesitamos haber entrado en la aplicaci&oacute;n.</p>
]]></preconditions>
	<execution_type><![CDATA[1]]></execution_type>
	<importance><![CDATA[3]]></importance>
	<estimated_exec_duration>2.00</estimated_exec_duration>
	<status>2</status>
	<is_open>1</is_open>
	<active>1</active>
<steps>
<step>
	<step_number><![CDATA[1]]></step_number>
	<actions><![CDATA[<p>Escribir el nombre de la encuesta deseada.</p>
]]></actions>
	<expectedresults><![CDATA[<p>Se espera que en la caja de texto de la descripci&oacute;n aparezca la descripci&oacute;n de la encuesta seleccionada.</p>
]]></expectedresults>
	<execution_type><![CDATA[1]]></execution_type>
</step>

<step>
	<step_number><![CDATA[2]]></step_number>
	<actions><![CDATA[<p>Puntuar la encuesta que hemos selecionado haciendo click en una de las posibles caras que aparecen en la aplicaci&oacute;n.</p>
]]></actions>
	<expectedresults><![CDATA[<p>Se espera que no muestre ning&uacute;n mensaje de error.</p>
]]></expectedresults>
	<execution_type><![CDATA[1]]></execution_type>
</step>

<step>
	<step_number><![CDATA[3]]></step_number>
	<actions><![CDATA[<p>De forma opcional se puede escribir un comentario.</p>
]]></actions>
	<expectedresults><![CDATA[<p>Se espera que en el cuadro de texto de dicho comentario est&eacute; el comentario escrito por el usuario.</p>
]]></expectedresults>
	<execution_type><![CDATA[1]]></execution_type>
</step>

<step>
	<step_number><![CDATA[4]]></step_number>
	<actions><![CDATA[<p>Pulsar en el bot&oacute;n enviar.</p>
]]></actions>
	<expectedresults><![CDATA[<p>Si no se ha cometido ninguna irregularidad, se espera que no muestre ning&uacute;n mensaje de error.</p>

<p>En caso de cometer alguna mostrar&aacute; dicho mensaje de error.</p>
]]></expectedresults>
	<execution_type><![CDATA[1]]></execution_type>
</step>
</steps>
	<requirements>
		<requirement>
			<req_spec_title><![CDATA[Requisitos Practica 1]]></req_spec_title>
			<doc_id><![CDATA[R1]]></doc_id>
			<version><![CDATA[1]]></version>
			<title><![CDATA[SelecciónEncuesta]]></title>
		</requirement>
	</requirements>
</testcase>
</testcases>