<?xml version="1.0" encoding="UTF-8"?>

<testcases>
<testcase internalid="108" name="Caso 7 - Iniciar Sesión">
	<node_order><![CDATA[1006]]></node_order>
	<externalid><![CDATA[7]]></externalid>
	<version><![CDATA[1]]></version>
	<summary><![CDATA[<p>Como administrador quiero probar el inicio de sesi&oacute;n para el panel de control de mi aplicaci&oacute;n.</p>
]]></summary>
	<preconditions><![CDATA[<p>Abrir la aplicaci&oacute;n.</p>

<p>Pulsar el bot&oacute;n &quot;Iniciar Sesi&oacute;n&quot;.</p>
]]></preconditions>
	<execution_type><![CDATA[1]]></execution_type>
	<importance><![CDATA[3]]></importance>
	<estimated_exec_duration>2.00</estimated_exec_duration>
	<status>2</status>
	<is_open>1</is_open>
	<active>1</active>
<steps>
<step>
	<step_number><![CDATA[1]]></step_number>
	<actions><![CDATA[<p>Poner un usuario y contrase&ntilde;a correctos.</p>
]]></actions>
	<expectedresults><![CDATA[<p>Se espera que nos deje acceder al panel de administrador.</p>
]]></expectedresults>
	<execution_type><![CDATA[1]]></execution_type>
</step>

<step>
	<step_number><![CDATA[2]]></step_number>
	<actions><![CDATA[<p>Poner un usuario correcto y contrase&ntilde;a incorrecta.</p>
]]></actions>
	<expectedresults><![CDATA[<p>Se espera que no nos deje acceder y de un mensaje de error.</p>
]]></expectedresults>
	<execution_type><![CDATA[1]]></execution_type>
</step>

<step>
	<step_number><![CDATA[3]]></step_number>
	<actions><![CDATA[<p>Poner un usuario incorrecto y una contrase&ntilde;a correcta.</p>
]]></actions>
	<expectedresults><![CDATA[<p>Se espera que no nos deje acceder y de un mensaje de error.</p>
]]></expectedresults>
	<execution_type><![CDATA[1]]></execution_type>
</step>
</steps>
	<requirements>
		<requirement>
			<req_spec_title><![CDATA[Requisitos del Sistema]]></req_spec_title>
			<doc_id><![CDATA[R7]]></doc_id>
			<version><![CDATA[1]]></version>
			<title><![CDATA[IniciarSesión]]></title>
		</requirement>
	</requirements>
</testcase>
</testcases>