<?xml version="1.0" encoding="UTF-8"?>

<testcases>
<testcase internalid="85" name="Caso 6 - Sugerir Encuesta">
	<node_order><![CDATA[1005]]></node_order>
	<externalid><![CDATA[6]]></externalid>
	<version><![CDATA[1]]></version>
	<summary><![CDATA[<p>Como usuario&nbsp;se quiere probar que podemos realizar la sugerencia&nbsp;de una encuesta.</p>

<p>Para ello:</p>

<p>- Debemos entrar como usuarios en la aplicaci&oacute;n.</p>

<p>- Debemos seleccionar el icono &quot;+&quot; de la pantalla.</p>

<p>- Debemos escribir el t&iacute;tulo y la descripci&oacute;n de la encuesta que vamos a sugerir.</p>

<p>- Debemos pulsar el bot&oacute;n de sugerir.</p>

<p>Cualquier cosa que no siga con los pasos anteriores debe mostrar un mensaje de error.</p>
]]></summary>
	<preconditions><![CDATA[<p>Como precondici&oacute;n tenemos que entrar en la aplicaci&oacute;n.</p>
]]></preconditions>
	<execution_type><![CDATA[1]]></execution_type>
	<importance><![CDATA[1]]></importance>
	<estimated_exec_duration>3.00</estimated_exec_duration>
	<status>2</status>
	<is_open>1</is_open>
	<active>1</active>
<steps>
<step>
	<step_number><![CDATA[1]]></step_number>
	<actions><![CDATA[<p>Pulsar en el icono &quot;+&quot; de la pantalla inicial.</p>
]]></actions>
	<expectedresults><![CDATA[<p>Se espera que al pulsar en ese bot&oacute;n nos redirija a la pantalla de sugerir encuesta.</p>
]]></expectedresults>
	<execution_type><![CDATA[1]]></execution_type>
</step>

<step>
	<step_number><![CDATA[2]]></step_number>
	<actions><![CDATA[<p>Rellenar con el t&iacute;tulo que queremos dar a la encuesta.</p>
]]></actions>
	<expectedresults><![CDATA[<p>Se espera que en el cuadro de texto aparezca lo que hemos escrito.</p>
]]></expectedresults>
	<execution_type><![CDATA[1]]></execution_type>
</step>

<step>
	<step_number><![CDATA[3]]></step_number>
	<actions><![CDATA[<p>Rellenar con la descripci&oacute;n que queramos el siguiente cuadro de texto.</p>
]]></actions>
	<expectedresults><![CDATA[<p>Se espera que aparezca lo escrito en dicho cuadro de texto.</p>
]]></expectedresults>
	<execution_type><![CDATA[1]]></execution_type>
</step>

<step>
	<step_number><![CDATA[4]]></step_number>
	<actions><![CDATA[<p>Pulsar en el bot&oacute;n sugerir encuesta.</p>
]]></actions>
	<expectedresults><![CDATA[<p>Se espera que si todo se ha rellenado correctamente se sugiera dicha encuesta.</p>

<p>Se espera por otro lado que si alg&uacute;n campo se ha rellenado de forma incorrecta se lance un mensaje de error.</p>
]]></expectedresults>
	<execution_type><![CDATA[1]]></execution_type>
</step>
</steps>
	<requirements>
		<requirement>
			<req_spec_title><![CDATA[Requisitos Practica 1]]></req_spec_title>
			<doc_id><![CDATA[R6]]></doc_id>
			<version><![CDATA[1]]></version>
			<title><![CDATA[SugerirEncuesta]]></title>
		</requirement>
	</requirements>
</testcase>
</testcases>