<?xml version="1.0" encoding="UTF-8"?>

<testcases>
<testcase internalid="67" name="Caso 2 - Crear Encuesta">
	<node_order><![CDATA[1001]]></node_order>
	<externalid><![CDATA[2]]></externalid>
	<version><![CDATA[1]]></version>
	<summary><![CDATA[<p>Como administrador se quiere probar que podemos realizar la creaci&oacute;n de una encuesta.</p>

<p>Para ello:</p>

<p>- Debemos entrar como usuarios en la aplicaci&oacute;n.</p>

<p>- Debemos iniciar sesi&oacute;n en la aplicaci&oacute;n con nuestro usuario y contrase&ntilde;a.</p>

<p>- En el panel de adiministraci&oacute;n seleccionar &quot;A&ntilde;adir Encuesta&quot;.</p>

<p>- Debemos poner el nombre de la encuesta y su descripci&oacute;n.</p>

<p>- Pulsar en el bot&oacute;n &quot;A&ntilde;adir&quot;.</p>

<p>Cualquier cosa que no siga con los pasos anteriores debe mostrar un mensaje de error.</p>
]]></summary>
	<preconditions><![CDATA[<p>Entrar en la aplicaci&oacute;n.</p>

<p>Iniciar sesi&oacute;n.</p>

<p>Entrar en el apartado &quot;A&ntilde;adir Encuesta&quot; del panel de administraci&oacute;n.</p>
]]></preconditions>
	<execution_type><![CDATA[1]]></execution_type>
	<importance><![CDATA[2]]></importance>
	<estimated_exec_duration>2.00</estimated_exec_duration>
	<status>2</status>
	<is_open>1</is_open>
	<active>1</active>
<steps>
<step>
	<step_number><![CDATA[1]]></step_number>
	<actions><![CDATA[<p>Escribir el nombre de la encuesta que vamos a a&ntilde;adir.</p>
]]></actions>
	<expectedresults><![CDATA[<p>Se espera que en su debido cuadro de texto aparezca el nombre que hemos escrito.</p>
]]></expectedresults>
	<execution_type><![CDATA[1]]></execution_type>
</step>

<step>
	<step_number><![CDATA[2]]></step_number>
	<actions><![CDATA[<p>Escribir la descripci&oacute;n de la encuestas que vamos a a&ntilde;adir.</p>
]]></actions>
	<expectedresults><![CDATA[<p>Se espera que en su debido cuadro de texto aparezca la descripci&oacute;n que hemos escrito.</p>
]]></expectedresults>
	<execution_type><![CDATA[1]]></execution_type>
</step>

<step>
	<step_number><![CDATA[3]]></step_number>
	<actions><![CDATA[<p>Dar al bot&oacute;n &quot;A&ntilde;adir&quot;.</p>
]]></actions>
	<expectedresults><![CDATA[<p>Si se ha realizado todo de manera correcta, se espera que no de ning&uacute;n mensaje de error.</p>

<p>De haber habido alg&uacute;n error, se espera que salte un mensaje de error.</p>
]]></expectedresults>
	<execution_type><![CDATA[1]]></execution_type>
</step>
</steps>
	<requirements>
		<requirement>
			<req_spec_title><![CDATA[Requisitos Practica 1]]></req_spec_title>
			<doc_id><![CDATA[R2]]></doc_id>
			<version><![CDATA[1]]></version>
			<title><![CDATA[CrearEncuesta]]></title>
		</requirement>
		<requirement>
			<req_spec_title><![CDATA[Requisitos del Sistema]]></req_spec_title>
			<doc_id><![CDATA[R7]]></doc_id>
			<version><![CDATA[1]]></version>
			<title><![CDATA[IniciarSesión]]></title>
		</requirement>
		<requirement>
			<req_spec_title><![CDATA[Requisitos del Sistema]]></req_spec_title>
			<doc_id><![CDATA[R8]]></doc_id>
			<version><![CDATA[1]]></version>
			<title><![CDATA[ComprobarRegistro]]></title>
		</requirement>
	</requirements>
</testcase>
</testcases>