<?xml version="1.0" encoding="UTF-8"?>

<testcases>
<testcase internalid="81" name="Caso 5 - Activar/Desactivar Encuesta">
	<node_order><![CDATA[1004]]></node_order>
	<externalid><![CDATA[5]]></externalid>
	<version><![CDATA[1]]></version>
	<summary><![CDATA[<p>Como administrador se quiere probar que podemos realizar la activaci&oacute;n o desactivaci&oacute;n&nbsp;de una encuesta.</p>

<p>Para ello:</p>

<p>- Debemos entrar como usuarios en la aplicaci&oacute;n.</p>

<p>- Debemos iniciar sesi&oacute;n en la aplicaci&oacute;n con nuestro usuario y contrase&ntilde;a.</p>

<p>- En el panel de adiministraci&oacute;n seleccionar &quot;Activar/Desactivar&nbsp;Encuesta&quot;.</p>

<p>- Debemos poner el nombre de la encuesta para seleccionarla.</p>

<p>- Pulsar en el bot&oacute;n &quot;Activar/Desactivar&quot;????.</p>

<p>Cualquier cosa que no siga con los pasos anteriores debe mostrar un mensaje de error.</p>
]]></summary>
	<preconditions><![CDATA[<p>Entrar en la aplicaci&oacute;n.</p>

<p>Iniciar sesi&oacute;n.</p>

<p>Entrar en el apartado &quot;Activar/Desactivar&nbsp;Encuesta&quot; del panel de administraci&oacute;n.</p>
]]></preconditions>
	<execution_type><![CDATA[1]]></execution_type>
	<importance><![CDATA[2]]></importance>
	<estimated_exec_duration>2.00</estimated_exec_duration>
	<status>2</status>
	<is_open>1</is_open>
	<active>1</active>
<steps>
<step>
	<step_number><![CDATA[1]]></step_number>
	<actions><![CDATA[<p>Escribir el nombre de la encuesta que deseamos seleccionar.</p>
]]></actions>
	<expectedresults><![CDATA[<p>Se espera que en el cuadro de texto aparezca lo que hemos escrito.</p>
]]></expectedresults>
	<execution_type><![CDATA[1]]></execution_type>
</step>

<step>
	<step_number><![CDATA[2]]></step_number>
	<actions><![CDATA[<p>Pulsamos el bot&oacute;n &quot;Activar/Desactivar&quot;.</p>
]]></actions>
	<expectedresults><![CDATA[<p>Se espera que si no da ning&uacute;n error se active o desactive la encuesta seleccionada.</p>

<p>Si algo se rellena de forma incorrecta se espera que lance un mensaje de error.</p>
]]></expectedresults>
	<execution_type><![CDATA[1]]></execution_type>
</step>
</steps>
	<requirements>
		<requirement>
			<req_spec_title><![CDATA[Requisitos Practica 1]]></req_spec_title>
			<doc_id><![CDATA[R3]]></doc_id>
			<version><![CDATA[1]]></version>
			<title><![CDATA[ActivarDesactivarEncuesta]]></title>
		</requirement>
		<requirement>
			<req_spec_title><![CDATA[Requisitos del Sistema]]></req_spec_title>
			<doc_id><![CDATA[R7]]></doc_id>
			<version><![CDATA[1]]></version>
			<title><![CDATA[IniciarSesión]]></title>
		</requirement>
		<requirement>
			<req_spec_title><![CDATA[Requisitos del Sistema]]></req_spec_title>
			<doc_id><![CDATA[R8]]></doc_id>
			<version><![CDATA[1]]></version>
			<title><![CDATA[ComprobarRegistro]]></title>
		</requirement>
	</requirements>
</testcase>
</testcases>