<?xml version="1.0" encoding="UTF-8"?>


	<testplan>
		<name><![CDATA[Plan de Pruebas Practica 1]]></name>
		
		
<executables>
	<link>
		<platform>
			<name><![CDATA[]]></name>
		</platform>
		<testcase>
			<name><![CDATA[Caso 1 - Seleccionar Encuesta]]></name>
			<externalid><![CDATA[1]]></externalid>
			<version><![CDATA[1]]></version>
			<execution_order><![CDATA[10000]]></execution_order>
		</testcase>
</link>

	<link>
		<platform>
			<name><![CDATA[]]></name>
		</platform>
		<testcase>
			<name><![CDATA[Caso 2 - Crear Encuesta]]></name>
			<externalid><![CDATA[2]]></externalid>
			<version><![CDATA[1]]></version>
			<execution_order><![CDATA[10010]]></execution_order>
		</testcase>
</link>

	<link>
		<platform>
			<name><![CDATA[]]></name>
		</platform>
		<testcase>
			<name><![CDATA[Caso 3 - Modificar Encuesta]]></name>
			<externalid><![CDATA[3]]></externalid>
			<version><![CDATA[1]]></version>
			<execution_order><![CDATA[10020]]></execution_order>
		</testcase>
</link>

	<link>
		<platform>
			<name><![CDATA[]]></name>
		</platform>
		<testcase>
			<name><![CDATA[Caso 4 - Borrar Encuesta]]></name>
			<externalid><![CDATA[4]]></externalid>
			<version><![CDATA[1]]></version>
			<execution_order><![CDATA[10030]]></execution_order>
		</testcase>
</link>

	<link>
		<platform>
			<name><![CDATA[]]></name>
		</platform>
		<testcase>
			<name><![CDATA[Caso 5 - Activar/Desactivar Encuesta]]></name>
			<externalid><![CDATA[5]]></externalid>
			<version><![CDATA[1]]></version>
			<execution_order><![CDATA[10040]]></execution_order>
		</testcase>
</link>

	<link>
		<platform>
			<name><![CDATA[]]></name>
		</platform>
		<testcase>
			<name><![CDATA[Caso 6 - Sugerir Encuesta]]></name>
			<externalid><![CDATA[6]]></externalid>
			<version><![CDATA[1]]></version>
			<execution_order><![CDATA[10050]]></execution_order>
		</testcase>
</link>

	<link>
		<platform>
			<name><![CDATA[]]></name>
		</platform>
		<testcase>
			<name><![CDATA[Caso 7 - Iniciar Sesión]]></name>
			<externalid><![CDATA[7]]></externalid>
			<version><![CDATA[1]]></version>
			<execution_order><![CDATA[10060]]></execution_order>
		</testcase>
</link>

	<link>
		<platform>
			<name><![CDATA[]]></name>
		</platform>
		<testcase>
			<name><![CDATA[Caso 8 - ComprobarRegistro]]></name>
			<externalid><![CDATA[8]]></externalid>
			<version><![CDATA[1]]></version>
			<execution_order><![CDATA[10070]]></execution_order>
		</testcase>
</link>

</executables>

	</testplan>